ibnmajah32_1336800	 حدثنا أبو بكر بن أبي شيبة حدثنا سفيان بن	حدثنا عيينة عن الزهري عن عروة عن عائشة قالت صلى رسول الله صلى الله عليه وسلم في خميصة لها أعلام فقال شغلني أعلام هذه اذهبوا بها إلى أبي جهم وائتوني بأنبجانيته 	 حدثنا أبو بكر بن أبي شيبة حدثنا سفيان بن عيينة عن الزهري عن عروة عن عائشة قالت صلى رسول الله صلى الله عليه وسلم في خميصة لها أعلام فقال شغلني أعلام هذه اذهبوا بها إلى أبي جهم وائتوني بأنبجانيته 	 It wasnarrated that ‘Aishah said: “The Messenger of Allah (SL3M) prayedin a Khamisah* that had markings on it. Then he said: ‘Thesemarkings distracted me. Take it to Abu Jahm and bring me anAnbijaniyyah.’”** 
ibnmajah32_1336810	 حدثنا أبو بكر بن أبي شيبة حدثنا أبو أسامة أخبرني سليمان بن المغيرة عن حميد بن	حدثنا هلال عن أبي بردة قال دخلت على عائشة فأخرجت لي إزارا غليظا من التي تصنع باليمن وكساء من هذه الأكسية التي تدعى الملبدة وأقسمت لي لقبض رسول الله صلى الله عليه وسلم فيهما 	 حدثنا أبو بكر بن أبي شيبة حدثنا أبو أسامة أخبرني سليمان بن المغيرة عن حميد بن هلال عن أبي بردة قال دخلت على عائشة فأخرجت لي إزارا غليظا من التي تصنع باليمن وكساء من هذه الأكسية التي تدعى الملبدة وأقسمت لي لقبض رسول الله صلى الله عليه وسلم فيهما 	 It wasnarrated that Abu Burdah said: “I entered upon ‘Aishah and shebrought out to me a thick waist wrap of the type made in Yemen, andone of these cloaks that are called Mulabbadah,* and she swore to methat the Messenger of Allah (SL3M) had passed away in them.” 
ibnmajah32_1336820	 حدثنا أحمد بن ثابت الجحدري حدثنا سفيان بن عيينة عن الأحوص بن حكيم عن خالد بن معدان عن عبادة بن	عن الصامت أن رسول الله صلى الله عليه وسلم صلى في شملة قد عقد عليها 	 حدثنا أحمد بن ثابت الجحدري حدثنا سفيان بن عيينة عن الأحوص بن حكيم عن خالد بن معدان عن عبادة بن الصامت أن رسول الله صلى الله عليه وسلم صلى في شملة قد عقد عليها 	 It wasnarrated from ‘Ubadah bin Samit that the Messenger of Allah(SL3M)prayed in a Shamlah tied with a knot. 
ibnmajah32_1336830	 حدثنا يونس بن عبد الأعلى حدثنا ابن وهب حدثنا مالك عن إسحاق بن عبد الله بن	حدثنا أبي طلحة عن أنس بن مالك قال كنت مع النبي صلى الله عليه وسلم وعليه رداء نجراني غليظ الحاشية 	 حدثنا يونس بن عبد الأعلى حدثنا ابن وهب حدثنا مالك عن إسحاق بن عبد الله بن أبي طلحة عن أنس بن مالك قال كنت مع النبي صلى الله عليه وسلم وعليه رداء نجراني غليظ الحاشية 	 It wasnarrated that Anas bin Malik said: “I was with the MessengerofAllah (SL3M) and over him was a Najrani upper wrap with a thickborder.” 
ibnmajah32_1336840	 حدثنا عبد القدوس بن محمد حدثنا بشر بن عمر حدثنا ابن لهيعة حدثنا أبو الأسود عن عاصم بن	حدثنا عمر بن قتادة عن علي بن الحسين عن عائشة قالت ما رأيت رسول الله صلى الله عليه وسلم يسب أحدا ولا يطوى له ثوب 	 حدثنا عبد القدوس بن محمد حدثنا بشر بن عمر حدثنا ابن لهيعة حدثنا أبو الأسود عن عاصم بن عمر بن قتادة عن علي بن الحسين عن عائشة قالت ما رأيت رسول الله صلى الله عليه وسلم يسب أحدا ولا يطوى له ثوب 	 It wasnarrated that ‘Aishah said: “I never saw the Messenger ofAllah(SL3M) insulting anyone, and no garment was ever folded up forhim.”* 
ibnmajah32_1336850	 حدثنا هشام بن عمار حدثنا عبد العزيز بن	حدثنا أبي حازم عن أبيه عن سهل بن سعد الساعدي أن امرأة جاءت إلى رسول الله صلى الله عليه وسلم ببردة قال وما البردة قال الشملة قالت يا رسول الله إني نسجت هذه بيدي لأكسوكها فأخذها رسول الله صلى الله عليه وسلم محتاجا إليها فخرج علينا فيها وإنها لإزاره فجاء فلان بن فلان رجل سماه يومئذ فقال يا رسول الله ما أحسن هذه البردة اكسنيها قال نعم فلما دخل طواها وأرسل بها إليه فقال له القوم والله ما أحسنت كسيها النبي صلى الله عليه وسلم محتاجا إليها ثم سألته إياها وقد علمت أنه لا يرد سائلا فقال إني والله ما سألته إياها لألبسها ولكن سألته إياها لتكون كفني فقال سهل فكانت كفنه يوم مات 	 حدثنا هشام بن عمار حدثنا عبد العزيز بن أبي حازم عن أبيه عن سهل بن سعد الساعدي أن امرأة جاءت إلى رسول الله صلى الله عليه وسلم ببردة قال وما البردة قال الشملة قالت يا رسول الله إني نسجت هذه بيدي لأكسوكها فأخذها رسول الله صلى الله عليه وسلم محتاجا إليها فخرج علينا فيها وإنها لإزاره فجاء فلان بن فلان رجل سماه يومئذ فقال يا رسول الله ما أحسن هذه البردة اكسنيها قال نعم فلما دخل طواها وأرسل بها إليه فقال له القوم والله ما أحسنت كسيها النبي صلى الله عليه وسلم محتاجا إليها ثم سألته إياها وقد علمت أنه لا يرد سائلا فقال إني والله ما سألته إياها لألبسها ولكن سألته إياها لتكون كفني فقال سهل فكانت كفنه يوم مات 	 It wasnarrated from Sahl bin Sa’d Sa’idi that a woman came to theMessenger of Allah (SL3M) with a woven sheet – he said: * “Whattype ofwoven sheet?” He said: “A Shamlah.” She said: “OMessenger of Allah, Ihave woven this with my own hands for you towear.” The Messenger ofAllah (SL3M) took it, since he needed it. Hecame out to us wearing itas a lower wrap. So-and-so the son ofso-and-so.” – a man whose namehe told that day – said: “OMessenger of Allah, how beautiful thissheet is! Let me wear it.”He said: “Yes.” When he went inside hefolded it up and sent itto him. The people said to him: “By Allah,you have not done well.The Prophet (SL3M) wore it because he neededit, then you asked forit, and you knew that he would not refuseanyone who asked him forsomething.” He said: “By Allah, I did not askfor it so that Icould wear it, rather I asked for it so that it couldbe my shroud.”Sahl said: “And it became his shroud the day he died.” 
ibnmajah32_1336860	 حدثنا يحيى بن عثمان بن سعيد بن كثير بن	حدثنا دينار الحمصي حدثنا بقية بن الوليد عن يوسف بن أبي كثير عن نوح بن ذكوان عن الحسن عن أنس قال لبس رسول الله صلى الله عليه وسلم الصوف واحتذى المخصوف ولبس ثوبا خشنا خشنا 	 حدثنا يحيى بن عثمان بن سعيد بن كثير بن دينار الحمصي حدثنا بقية بن الوليد عن يوسف بن أبي كثير عن نوح بن ذكوان عن الحسن عن أنس قال لبس رسول الله صلى الله عليه وسلم الصوف واحتذى المخصوف ولبس ثوبا خشنا خشنا 	 It wasnarrated that Anas said: “The Messenger of Allah (SL3M) worewooland sandals, and he wore coarse, rough garments.” 
ibnmajah32_1336870	 حدثنا أبو بكر بن أبي شيبة حدثنا يزيد بن	حدثنا هارون قال حدثنا أصبغ بن زيد حدثنا أبو العلاء عن أبي أمامة قال لبس عمر بن الخطاب ثوبا جديدا فقال الحمد لله الذي كساني ما أواري به عورتي وأتجمل به في حياتي ثم قال سمعت رسول الله صلى الله عليه وسلم يقول من لبس ثوبا جديدا فقال الحمد لله الذي كساني ما أواري به عورتي وأتجمل به في حياتي ثم عمد إلى الثوب الذي أخلق أو ألقى فتصدق به كان في كنف الله وفي حفظ الله وفي ستر الله حيا وميتا قالها ثلاثا 	 حدثنا أبو بكر بن أبي شيبة حدثنا يزيد بن هارون قال حدثنا أصبغ بن زيد حدثنا أبو العلاء عن أبي أمامة قال لبس عمر بن الخطاب ثوبا جديدا فقال الحمد لله الذي كساني ما أواري به عورتي وأتجمل به في حياتي ثم قال سمعت رسول الله صلى الله عليه وسلم يقول من لبس ثوبا جديدا فقال الحمد لله الذي كساني ما أواري به عورتي وأتجمل به في حياتي ثم عمد إلى الثوب الذي أخلق أو ألقى فتصدق به كان في كنف الله وفي حفظ الله وفي ستر الله حيا وميتا قالها ثلاثا 	 It wasnarrated that Abu Umamah said: “Umar bin Khattab put on a newgarment and said: Al-hamdu lillahil-ladhi kasani ma uwari bihi‘awrati, wa atajammalu bihi fi hayati (Praise is to Allah Who hasclothed me in something with which I conceal my nakedness and adornmyself in my life). Then he said: ‘I heard the Messenger of Allah(SL3M) say: “Whoever puts on a new garment and says: Al-hamdulillahil-ladhi kasani ma uwari bihi ‘awrati, wa atajammalu bihi fihayati(Praise be to Allah Who has clothed me in something with whichIconceal my nakedness and adorn myself in my life), then takes thegarment that has worn out, or that he had taken off and gives it incharity, he will be under the shelter, protection and care of Allah,whether he lives or dies.’ He said this three times.” 
ibnmajah32_1336880	 حدثنا الحسين بن مهدي حدثنا عبد الرزاق أنبأنا معمر عن الزهري عن سالم عن	عن ابن عمر أن رسول الله صلى الله عليه وسلم رأى على عمر قميصا أبيض فقال ثوبك هذا غسيل أم جديد قال لا بل غسيل قال البس جديدا وعش حميدا ومت شهيدا 	 حدثنا الحسين بن مهدي حدثنا عبد الرزاق أنبأنا معمر عن الزهري عن سالم عن ابن عمر أن رسول الله صلى الله عليه وسلم رأى على عمر قميصا أبيض فقال ثوبك هذا غسيل أم جديد قال لا بل غسيل قال البس جديدا وعش حميدا ومت شهيدا 	 It wasnarrated from Ibn ‘Umar that the Messenger of Allah (SL3M) saw‘Umawwearing a white shirt and he said: “Is this garment of yourswashedor a new one?” He said: “Rather it has been washed.” He said:“Ilbas jadida, wa ‘ish hamida, wa mut shahida (May you wear newclothes, live a good life and die as martyr).” 
ibnmajah32_1336890	 حدثنا أبو بكر حدثنا سفيان بن عيينة عن الزهري عن عطاء بن يزيد الليثي عن	عن أبي سعيد الخدري أن النبي صلى الله عليه وسلم نهى عن لبستين فأما اللبستان فاشتمال الصماء والاحتباء في الثوب الواحد ليس على فرجه منه شىء 	 حدثنا أبو بكر حدثنا سفيان بن عيينة عن الزهري عن عطاء بن يزيد الليثي عن أبي سعيد الخدري أن النبي صلى الله عليه وسلم نهى عن لبستين فأما اللبستان فاشتمال الصماء والاحتباء في الثوب الواحد ليس على فرجه منه شىء 	 It wasnarrated from Abu Sa’eed Al-Khudri that the Prophet (SL3M)forbadetwo kinds of dress. Those two types of dress are Ishtimalus-Samma’*and Ihtiba’ in a single garment, with no part of it upon hisprivate part.** 
ibnmajah32_1336900	 حدثنا أبو بكر بن أبي شيبة حدثنا عبد الله بن	حدثنا نمير وأبو أسامة عن عبيد الله بن عمر عن خبيب بن عبد الرحمن عن حفص بن عاصم عن أبي هريرة أن رسول الله صلى الله عليه وسلم نهى عن لبستين عن اشتمال الصماء وعن الاحتباء في الثوب الواحد يفضي بفرجه إلى السماء 	 حدثنا أبو بكر بن أبي شيبة حدثنا عبد الله بن نمير وأبو أسامة عن عبيد الله بن عمر عن خبيب بن عبد الرحمن عن حفص بن عاصم عن أبي هريرة أن رسول الله صلى الله عليه وسلم نهى عن لبستين عن اشتمال الصماء وعن الاحتباء في الثوب الواحد يفضي بفرجه إلى السماء 	 It wasnarrated from Abu Hurairah that the Messenger of Allah (SL3M)forbadetwo kinds of dress: Ishtimalus-Samma’ and Ihtiba’, exposingone’sprivate part to the sky. 
ibnmajah32_1336910	 حدثنا أبو بكر بن أبي شيبة حدثنا عبد الله بن	حدثنا نمير وأبو أسامة عن سعد بن سعيد عن عمرة عن عائشة قالت نهى رسول الله صلى الله عليه وسلم عن لبستين اشتمال الصماء والاحتباء في ثوب واحد وأنت مفض فرجك إلى السماء 	 حدثنا أبو بكر بن أبي شيبة حدثنا عبد الله بن نمير وأبو أسامة عن سعد بن سعيد عن عمرة عن عائشة قالت نهى رسول الله صلى الله عليه وسلم عن لبستين اشتمال الصماء والاحتباء في ثوب واحد وأنت مفض فرجك إلى السماء 	 It wasnarrated that ‘Aishah said: “The Messenger of Allah (SL3M)forbadetwo kinds of dress: Ishtimalus-Samma’ and Ihtiba’ in onegarment,when you are exposing your private part to the sky.” 
ibnmajah32_1336920	 حدثنا أبو بكر بن أبي شيبة حدثنا الحسن بن	حدثنا موسى عن شيبان عن قتادة عن أبي بردة عن أبيه قال قال لي يا بنى لو شهدتنا ونحن مع رسول الله صلى الله عليه وسلم إذا أصابتنا السماء لحسبت أن ريحنا ريح الضأن 	 حدثنا أبو بكر بن أبي شيبة حدثنا الحسن بن موسى عن شيبان عن قتادة عن أبي بردة عن أبيه قال قال لي يا بنى لو شهدتنا ونحن مع رسول الله صلى الله عليه وسلم إذا أصابتنا السماء لحسبت أن ريحنا ريح الضأن 	 It wasnarrated from Abu Burdah that his father said to him: “O myson, ifonly you could have seen us when we were with the Messenger ofAllah(SL3M), when rain fell on us; you would have thought that wesmelledlike sheep.” 
ibnmajah32_1336930	 حدثنا محمد بن عثمان بن كرامة حدثنا أبو أسامة حدثنا الأحوص بن حكيم عن خالد بن معدان عن عبادة بن	عن الصامت قال خرج علينا رسول الله صلى الله عليه وسلم ذات يوم وعليه جبة رومية من صوف ضيقة الكمين فصلى بنا فيها ليس عليه شىء غيرها 	 حدثنا محمد بن عثمان بن كرامة حدثنا أبو أسامة حدثنا الأحوص بن حكيم عن خالد بن معدان عن عبادة بن الصامت قال خرج علينا رسول الله صلى الله عليه وسلم ذات يوم وعليه جبة رومية من صوف ضيقة الكمين فصلى بنا فيها ليس عليه شىء غيرها 	 It wasnarrated that ‘Ubadah bin Samit said: “The Messenger of Allah(SL3M) came out to us one day, wearing a Roman cloak of wool withnarrow sleeves. He led us in prayer wearing that, and nothing else.” 
ibnmajah32_1336940	 حدثنا العباس بن الوليد الدمشقي وأحمد بن الأزهر قالا حدثنا مروان بن محمد حدثنا يزيد بن السمط حدثني الوضين بن عطاء عن محفوظ بن علقمة عن	حدثني سلمان الفارسي أن رسول الله صلى الله عليه وسلم توضأ فقلب جبة صوف كانت عليه فمسح بها وجهه 	 حدثنا العباس بن الوليد الدمشقي وأحمد بن الأزهر قالا حدثنا مروان بن محمد حدثنا يزيد بن السمط حدثني الوضين بن عطاء عن محفوظ بن علقمة عن سلمان الفارسي أن رسول الله صلى الله عليه وسلم توضأ فقلب جبة صوف كانت عليه فمسح بها وجهه 	 It wasnarrated from Salman Farisi that the Messenger of Allah (SL3M)performed ablution, then he turned his woolen cloak that he waswearing inside out and wiped his face with it. 
ibnmajah32_1336950	 حدثنا سويد بن سعيد حدثنا موسى بن الفضل عن شعبة عن هشام بن زيد عن أنس بن	عن مالك قال رأيت رسول الله صلى الله عليه وسلم يسم غنما في آذانها ورأيته متزرا بكساء 	 حدثنا سويد بن سعيد حدثنا موسى بن الفضل عن شعبة عن هشام بن زيد عن أنس بن مالك قال رأيت رسول الله صلى الله عليه وسلم يسم غنما في آذانها ورأيته متزرا بكساء 	 It wasnarrated that Anas bin Malik said: “I saw the Messenger ofAllah(SL3M) marking sheep on their ears, and I saw him wearing a cloakaround his wrist.” 
ibnmajah32_1336960	 حدثنا محمد بن الصباح أنبأنا عبد الله بن	حدثنا رجاء المكي عن ابن خثيم عن سعيد بن جبير عن ابن عباس قال قال رسول الله صلى الله عليه وسلم خير ثيابكم البياض فالبسوها وكفنوا فيها موتاكم 	 حدثنا محمد بن الصباح أنبأنا عبد الله بن رجاء المكي عن ابن خثيم عن سعيد بن جبير عن ابن عباس قال قال رسول الله صلى الله عليه وسلم خير ثيابكم البياض فالبسوها وكفنوا فيها موتاكم 	 It wasnarrated from Ibn ‘Abbas that the Messenger of Allah (SL3M)said: “The best of your garments are the white ones, so wear them andshroud your dead in them.” 
ibnmajah32_1336970	 حدثنا علي بن محمد حدثنا وكيع عن سفيان عن حبيب بن أبي ثابت عن ميمون بن	عن أبي شبيب عن سمرة بن جندب قال قال رسول الله صلى الله عليه وسلم البسوا ثياب البياض فإنها أطهر وأطيب 	 حدثنا علي بن محمد حدثنا وكيع عن سفيان عن حبيب بن أبي ثابت عن ميمون بن أبي شبيب عن سمرة بن جندب قال قال رسول الله صلى الله عليه وسلم البسوا ثياب البياض فإنها أطهر وأطيب 	 It wasnarrated from Samurah bin Jundab that the Messenger of Allah(SL3M)said: “Wear white garments, for they are purer and better.” 
ibnmajah32_1336980	 حدثنا محمد بن حسان الأزرق حدثنا عبد المجيد بن	حدثنا أبي رواد حدثنا مروان بن سالم عن صفوان بن عمرو عن شريح بن عبيد الحضرمي عن أبي الدرداء قال قال رسول الله صلى الله عليه وسلم إن أحسن ما زرتم الله به في قبوركم ومساجدكم البياض 	 حدثنا محمد بن حسان الأزرق حدثنا عبد المجيد بن أبي رواد حدثنا مروان بن سالم عن صفوان بن عمرو عن شريح بن عبيد الحضرمي عن أبي الدرداء قال قال رسول الله صلى الله عليه وسلم إن أحسن ما زرتم الله به في قبوركم ومساجدكم البياض 	 It wasnarrated from Abu Darda’ that the Messenger of Allah (SL3M)said: “The best of that in which you visit Allah in your graves andyourmosque is white (garments).”* 
ibnmajah32_1336990	 حدثنا أبو بكر بن أبي شيبة حدثنا أبو أسامة ح وحدثنا علي بن محمد حدثنا عبد الله بن نمير جميعا عن عبيد الله بن	حدثنا عمر عن نافع عن ابن عمر أن رسول الله صلى الله عليه وسلم قال إن الذي يجر ثوبه من الخيلاء لا ينظر الله إليه يوم القيامة 	 حدثنا أبو بكر بن أبي شيبة حدثنا أبو أسامة ح وحدثنا علي بن محمد حدثنا عبد الله بن نمير جميعا عن عبيد الله بن عمر عن نافع عن ابن عمر أن رسول الله صلى الله عليه وسلم قال إن الذي يجر ثوبه من الخيلاء لا ينظر الله إليه يوم القيامة 	 It wasnarrated from Ibn ‘Umar that the Messenger of Allah (SL3M)said: “Whoever lets his garment drag out of pride, Allah will not lookathim on the Day of Resurrection.” 
ibnmajah32_1337000	 حدثنا أبو بكر بن أبي شيبة حدثنا أبو معاوية عن الأعمش عن عطية عن	عن أبي سعيد قال قال رسول الله صلى الله عليه وسلم من جر إزاره من الخيلاء لم ينظر الله إليه يوم القيامة 	 حدثنا أبو بكر بن أبي شيبة حدثنا أبو معاوية عن الأعمش عن عطية عن أبي سعيد قال قال رسول الله صلى الله عليه وسلم من جر إزاره من الخيلاء لم ينظر الله إليه يوم القيامة 	 It wasnarrated from ‘Atiyyah, that Abu Sa’eed said: “The MessengerofAllah (SL3M) said: ‘Whoever lets his lower wrap drag out of pride,Allah will not look at him on the Day of Resurrection.” 
ibnmajah32_1337010	not identified	 قال فلقيت ابن عمر بالبلاط فذكرت له حديث أبي سعيد عن النبي صلى الله عليه وسلم فقال وأشار إلى أذنيه سمعته أذناى ووعاه قلبي 	 قال فلقيت ابن عمر بالبلاط فذكرت له حديث أبي سعيد عن النبي صلى الله عليه وسلم فقال وأشار إلى أذنيه سمعته أذناى ووعاه قلبي 	 
ibnmajah32_1337020	 حدثنا أبو بكر بن أبي شيبة حدثنا محمد بن	حدثنا بشر عن محمد بن عمرو عن أبي سلمة عن أبي هريرة قال مر بأبي هريرة فتى من قريش يجر سبله فقال يا ابن أخي إني سمعت رسول الله صلى الله عليه وسلم يقول من جر ثوبه من الخيلاء لم ينظر الله إليه يوم القيامة 	 حدثنا أبو بكر بن أبي شيبة حدثنا محمد بن بشر عن محمد بن عمرو عن أبي سلمة عن أبي هريرة قال مر بأبي هريرة فتى من قريش يجر سبله فقال يا ابن أخي إني سمعت رسول الله صلى الله عليه وسلم يقول من جر ثوبه من الخيلاء لم ينظر الله إليه يوم القيامة 	 It wasnarrated that a young man of Quriash passed by Abu Hurairahwith hiscloak dragging. He said: “O my nephew! I heard the MessengerofAllah (SL3M) saying ‘Whoever let his garment drag out of pride,Allah will not look at him on the Day of Resurrection.’” 
ibnmajah32_1337030	 حدثنا أبو بكر بن أبي شيبة حدثنا أبو الأحوص عن أبي إسحاق عن مسلم بن نذير عن	عن حذيفة قال أخذ رسول الله صلى الله عليه وسلم بأسفل عضلة ساقي أو ساقه فقال هذا موضع الإزار فإن أبيت فأسفل فإن أبيت فأسفل فإن أبيت فلا حق للإزار في الكعبين 	 حدثنا أبو بكر بن أبي شيبة حدثنا أبو الأحوص عن أبي إسحاق عن مسلم بن نذير عن حذيفة قال أخذ رسول الله صلى الله عليه وسلم بأسفل عضلة ساقي أو ساقه فقال هذا موضع الإزار فإن أبيت فأسفل فإن أبيت فأسفل فإن أبيت فلا حق للإزار في الكعبين 	 It wasnarrated that Hudhaifah said: “The Messenger of Allah (SL3M)tookhold of the lower part of my calf or his calf and said: ‘This iswhere the lower wrap should come to. If you insist, then lower, andifyou insist, then lower, but the lower wrap has no right to (cometo)the ankle.’” 
ibnmajah32_1337040	 حدثنا علي بن محمد حدثنا سفيان بن عيينة حدثني أبو إسحاق عن مسلم بن نذير عن حذيفة عن	حدثني النبي صلى الله عليه وسلم مثله 	 حدثنا علي بن محمد حدثنا سفيان بن عيينة حدثني أبو إسحاق عن مسلم بن نذير عن حذيفة عن النبي صلى الله عليه وسلم مثله 	 
ibnmajah32_1337050	 حدثنا علي بن محمد حدثنا سفيان بن عيينة عن العلاء بن عبد الرحمن عن	عن أبيه قال قلت لأبي سعيد هل سمعت من رسول الله صلى الله عليه وسلم شيئا في الإزار قال نعم سمعت رسول الله صلى الله عليه وسلم يقول إزرة المؤمن إلى أنصاف ساقيه لا جناح عليه ما بينه وبين الكعبين وما أسفل من الكعبين في النار يقول ثلاثا لا ينظر الله إلى من جر إزاره بطرا 	 حدثنا علي بن محمد حدثنا سفيان بن عيينة عن العلاء بن عبد الرحمن عن أبيه قال قلت لأبي سعيد هل سمعت من رسول الله صلى الله عليه وسلم شيئا في الإزار قال نعم سمعت رسول الله صلى الله عليه وسلم يقول إزرة المؤمن إلى أنصاف ساقيه لا جناح عليه ما بينه وبين الكعبين وما أسفل من الكعبين في النار يقول ثلاثا لا ينظر الله إلى من جر إزاره بطرا 	 It wasnarrated from ‘Ala bin ‘Abdur-Rahman that his father said: “Isaid to Abu Sa’eed: ‘Did you hear anything from the Messenger ofAllah(SL3M) concerning the lower wrap?’ He said: ‘Yes. I heardthe Messengerof Allah (SL3M) say: ‘The lower wrap of the believershould come tomid-calf, but there is no sin on him if it comesbetween that pointand the ankle. But whatever is lower than theankle is in the Fire.’And he said three times: ‘Allah will notlook at the one who lets hislower wrap drag out of vanity.’” 
ibnmajah32_1337060	 حدثنا أبو بكر بن أبي شيبة حدثنا يزيد بن	حدثنا هارون أنبأنا شريك عن عبد الملك بن عمير عن حصين بن قبيصة عن المغيرة بن شعبة قال قال رسول الله صلى الله عليه وسلم يا سفيان بن سهل لا تسبل فإن الله لا يحب المسبلين 	 حدثنا أبو بكر بن أبي شيبة حدثنا يزيد بن هارون أنبأنا شريك عن عبد الملك بن عمير عن حصين بن قبيصة عن المغيرة بن شعبة قال قال رسول الله صلى الله عليه وسلم يا سفيان بن سهل لا تسبل فإن الله لا يحب المسبلين 	 It wasnarrated from Mughirah bin Shu’bah that the Messenger of Allah(SL3M) said: “O Sufyan bin Sahl, do not let your garment hang, forAllah does not like those who let their garments hang below theankles.’” 
ibnmajah32_1337070	 حدثنا يعقوب بن إبراهيم الدورقي حدثنا أبو تميلة عن عبد المؤمن بن خالد عن ابن بريدة عن أمه عن	عن أم سلمة قالت لم يكن ثوب أحب إلى رسول الله صلى الله عليه وسلم من القميص 	 حدثنا يعقوب بن إبراهيم الدورقي حدثنا أبو تميلة عن عبد المؤمن بن خالد عن ابن بريدة عن أمه عن أم سلمة قالت لم يكن ثوب أحب إلى رسول الله صلى الله عليه وسلم من القميص 	 It wasnarrated that Umm Salamah said: There was no garment morebeloved tothe Messenger of Allah (SL3M) than the shirt.” 
ibnmajah32_1337080	 حدثنا أبو بكر بن أبي شيبة حدثنا الحسين بن	حدثنا علي عن ابن أبي رواد عن سالم عن أبيه عن النبي صلى الله عليه وسلم قال الإسبال في الإزار والقميص والعمامة من جر شيئا خيلاء لم ينظر الله إليه يوم القيامة قال أبو بكر ما أغربه 	 حدثنا أبو بكر بن أبي شيبة حدثنا الحسين بن علي عن ابن أبي رواد عن سالم عن أبيه عن النبي صلى الله عليه وسلم قال الإسبال في الإزار والقميص والعمامة من جر شيئا خيلاء لم ينظر الله إليه يوم القيامة قال أبو بكر ما أغربه 	 It wasnarrated from Salim, from his father, that the Prophet (SL3M)said: “Hanging down may apply to the waist wrap, shirt or turban.Whoeverlets any of these drag out of pride, Allah will not look athim onthe Day of Resurrection.” 
ibnmajah32_1337090	 حدثنا أحمد بن عثمان بن حكيم الأودي حدثنا أبو غسان قال حدثنا حسن بن	حدثنا صالح ح وحدثنا سفيان بن وكيع حدثنا أبي عن الحسن بن صالح عن مسلم عن مجاهد عن ابن عباس قال كان رسول الله صلى الله عليه وسلم يلبس قميصا قصير اليدين والطول 	 حدثنا أحمد بن عثمان بن حكيم الأودي حدثنا أبو غسان قال حدثنا حسن بن صالح ح وحدثنا سفيان بن وكيع حدثنا أبي عن الحسن بن صالح عن مسلم عن مجاهد عن ابن عباس قال كان رسول الله صلى الله عليه وسلم يلبس قميصا قصير اليدين والطول 	 It wasnarrated that Ibn ‘Abbas said: “The Messenger of Allah (SL3M)usedto wear a shirt that was short in the sleeves and length.” 
ibnmajah32_1337100	 حدثنا أبو بكر حدثنا ابن دكين عن زهير عن عروة بن عبد الله بن قشير حدثني معاوية بن	عن قرة عن أبيه قال أتيت رسول الله صلى الله عليه وسلم فبايعته وإن زر قميصه لمطلق قال عروة فما رأيت معاوية ولا ابنه في شتاء ولا صيف إلا مطلقة أزرارهما 	 حدثنا أبو بكر حدثنا ابن دكين عن زهير عن عروة بن عبد الله بن قشير حدثني معاوية بن قرة عن أبيه قال أتيت رسول الله صلى الله عليه وسلم فبايعته وإن زر قميصه لمطلق قال عروة فما رأيت معاوية ولا ابنه في شتاء ولا صيف إلا مطلقة أزرارهما 	 Mu’awiyah bin Qurrah narrated that his father said: “I came totheMessenger of Allah (SL3M) and gave him my pledge, and the buttonsofhis shirt were undone.” 
ibnmajah32_1337110	 حدثنا أبو بكر بن أبي شيبة وعلي بن	حدثنا محمد قالا حدثنا وكيع ح وحدثنا محمد بن بشار حدثنا يحيى وعبد الرحمن قالوا حدثنا سفيان عن سماك بن حرب عن سويد بن قيس قال أتانا النبي صلى الله عليه وسلم فساومنا سراويل 	 حدثنا أبو بكر بن أبي شيبة وعلي بن محمد قالا حدثنا وكيع ح وحدثنا محمد بن بشار حدثنا يحيى وعبد الرحمن قالوا حدثنا سفيان عن سماك بن حرب عن سويد بن قيس قال أتانا النبي صلى الله عليه وسلم فساومنا سراويل 	 It wasnarrated that Suwaid bin Qais said: “The Prophet (SL3M) came tousand haggled with us over the price of trousers.” 
ibnmajah32_1337120	 حدثنا أبو بكر حدثنا المعتمر بن سليمان عن عبيد الله بن عمر عن نافع عن سليمان بن	عن يسار عن أم سلمة قالت سئل رسول الله صلى الله عليه وسلم كم تجر المرأة من ذيلها قال شبرا قلت إذا ينكشف عنها قال ذراع لا تزيد عليه 	 حدثنا أبو بكر حدثنا المعتمر بن سليمان عن عبيد الله بن عمر عن نافع عن سليمان بن يسار عن أم سلمة قالت سئل رسول الله صلى الله عليه وسلم كم تجر المرأة من ذيلها قال شبرا قلت إذا ينكشف عنها قال ذراع لا تزيد عليه 	 It wasnarrated that Umm Salamah said: “The Messenger of Allah (SL3M)wasasked about how long a woman’s hem should hang down. He said: ‘Ahand span.’ I said: ‘But then (her legs and feet) will beuncovered.’He said: ‘Then a forearm’s length, but no more thanthat.’” 
ibnmajah32_1337130	 حدثنا أبو بكر حدثنا عبد الرحمن بن مهدي عن سفيان عن زيد العمي عن أبي الصديق الناجي عن	عن ابن عمر أن أزواج النبي صلى الله عليه وسلم رخص لهن في الذيل ذراعا فكن يأتينا فنذرع لهن بالقصب ذراعا 	 حدثنا أبو بكر حدثنا عبد الرحمن بن مهدي عن سفيان عن زيد العمي عن أبي الصديق الناجي عن ابن عمر أن أزواج النبي صلى الله عليه وسلم رخص لهن في الذيل ذراعا فكن يأتينا فنذرع لهن بالقصب ذراعا 	 It wasnarrated from Ibn ‘Umar: “The wives of the Prophet (SL3M) wereallowed to let their hems hang down, so they used to come to us andwewould measure one forearms length for them with a reed.” 
ibnmajah32_1337140	 حدثنا أبو بكر بن أبي شيبة حدثنا يزيد بن	حدثنا هارون حدثنا حماد بن سلمة عن أبي المهزم عن أبي هريرة أن النبي صلى الله عليه وسلم قال لفاطمة أو لأم سلمة ذيلك ذراع 	 حدثنا أبو بكر بن أبي شيبة حدثنا يزيد بن هارون حدثنا حماد بن سلمة عن أبي المهزم عن أبي هريرة أن النبي صلى الله عليه وسلم قال لفاطمة أو لأم سلمة ذيلك ذراع 	 It wasnarrated from Abu Hurairah that the Prophet (SL3M) said toFatimah, orto Umm Salamah: “Let your hem down one forearm’s length.” 
ibnmajah32_1337150	 حدثنا أبو بكر بن أبي شيبة حدثنا عفان حدثنا عبد الوارث حدثنا حبيب المعلم عن أبي المهزم عن أبي هريرة عن	عن عائشة أن النبي صلى الله عليه وسلم قال في ذيول النساء شبرا فقالت عائشة إذا تخرج سوقهن قال فذراع 	 حدثنا أبو بكر بن أبي شيبة حدثنا عفان حدثنا عبد الوارث حدثنا حبيب المعلم عن أبي المهزم عن أبي هريرة عن عائشة أن النبي صلى الله عليه وسلم قال في ذيول النساء شبرا فقالت عائشة إذا تخرج سوقهن قال فذراع 	 It wasnarrated from ‘Aishah that the Prophet (SL3M) said, concerninghowlong a woman’s hem should hang down: “A hand span.” ‘Aishahsaid:“This may show her calves.” He said: “Then a forearm’slength.” 
ibnmajah32_1337160	 حدثنا هشام بن عمار حدثنا سفيان بن عيينة عن مساور الوراق عن جعفر بن عمرو بن حريث عن	عن أبيه قال رأيت النبي صلى الله عليه وسلم يخطب على المنبر وعليه عمامة سوداء 	 حدثنا هشام بن عمار حدثنا سفيان بن عيينة عن مساور الوراق عن جعفر بن عمرو بن حريث عن أبيه قال رأيت النبي صلى الله عليه وسلم يخطب على المنبر وعليه عمامة سوداء 	 It wasnarrated from Ja’far bin ‘Amr bin Huraith that his fathersaid: “I saw the Prophet (SL3M) delivering a sermon on the pulpit,wearinga black turban.” 
ibnmajah32_1337170	 حدثنا أبو بكر بن أبي شيبة حدثنا وكيع حدثنا حماد بن سلمة عن أبي الزبير عن	حدثنا جابر أن النبي صلى الله عليه وسلم دخل مكة وعليه عمامة سوداء 	 حدثنا أبو بكر بن أبي شيبة حدثنا وكيع حدثنا حماد بن سلمة عن أبي الزبير عن جابر أن النبي صلى الله عليه وسلم دخل مكة وعليه عمامة سوداء 	 It wasnarrated from Jabir that the Prophet (SL3M) entered Makkahwearing ablack turban. 
ibnmajah32_1337180	 حدثنا أبو بكر بن أبي شيبة حدثنا عبيد الله أنبأنا موسى بن عبيدة عن عبد الله بن دينار عن	عن ابن عمر أن النبي صلى الله عليه وسلم دخل يوم فتح مكة وعليه عمامة سوداء 	 حدثنا أبو بكر بن أبي شيبة حدثنا عبيد الله أنبأنا موسى بن عبيدة عن عبد الله بن دينار عن ابن عمر أن النبي صلى الله عليه وسلم دخل يوم فتح مكة وعليه عمامة سوداء 	 It wasnarrated from Ibn ‘Umar that the Prophet (SL3M) entered(Makkah), onthe Day of the Conquest of Makkah, wearing a blackturban. 
ibnmajah32_1337190	 حدثنا أبو بكر بن أبي شيبة حدثنا أبو أسامة عن مساور حدثني جعفر بن عمرو بن حريث عن	عن أبيه قال كأني أنظر إلى رسول الله صلى الله عليه وسلم وعليه عمامة سوداء قد أرخى طرفيها بين كتفيه 	 حدثنا أبو بكر بن أبي شيبة حدثنا أبو أسامة عن مساور حدثني جعفر بن عمرو بن حريث عن أبيه قال كأني أنظر إلى رسول الله صلى الله عليه وسلم وعليه عمامة سوداء قد أرخى طرفيها بين كتفيه 	 Ja’farbin ‘Amr bin Huraith narrated that his father said: “It is asifI can see the Messenger of Allah (SL3M), wearing a black turban,withthe ends hanging down his shoulders.” 
ibnmajah32_1337200	 حدثنا أبو بكر بن أبي شيبة حدثنا إسماعيل ابن علية عن عبد العزيز بن صهيب عن أنس بن	عن مالك قال قال رسول الله صلى الله عليه وسلم من لبس الحرير في الدنيا لم يلبسه في الآخرة 	 حدثنا أبو بكر بن أبي شيبة حدثنا إسماعيل ابن علية عن عبد العزيز بن صهيب عن أنس بن مالك قال قال رسول الله صلى الله عليه وسلم من لبس الحرير في الدنيا لم يلبسه في الآخرة 	 It wasnarrated from Anas bin Malik that the Messenger of Allah (SL3M)said: “Whoever wears silk in this world will not wear it in theHereafter.” 
ibnmajah32_1337210	 حدثنا أبو بكر بن أبي شيبة حدثنا علي بن	حدثنا مسهر عن الشيباني عن أشعث بن أبي الشعثاء عن معاوية بن سويد عن البراء قال نهى رسول الله صلى الله عليه وسلم عن الديباج والحرير والإستبرق 	 حدثنا أبو بكر بن أبي شيبة حدثنا علي بن مسهر عن الشيباني عن أشعث بن أبي الشعثاء عن معاوية بن سويد عن البراء قال نهى رسول الله صلى الله عليه وسلم عن الديباج والحرير والإستبرق 	 It wasnarrated that Bara’ bin ‘Azib said: “The Messenger of Allah(SL3M) forbade brocade, silk, and embroidered brocade.” 
ibnmajah32_1337220	 حدثنا أبو بكر بن أبي شيبة حدثنا وكيع عن شعبة عن الحكم عن عبد الرحمن بن	عن أبي ليلى عن حذيفة قال نهى رسول الله صلى الله عليه وسلم عن لبس الحرير والذهب وقال هو لهم في الدنيا ولنا في الآخرة 	 حدثنا أبو بكر بن أبي شيبة حدثنا وكيع عن شعبة عن الحكم عن عبد الرحمن بن أبي ليلى عن حذيفة قال نهى رسول الله صلى الله عليه وسلم عن لبس الحرير والذهب وقال هو لهم في الدنيا ولنا في الآخرة 	 It wasnarrated that Hudhaifah said: “The Messenger of Allah (SL3M)forbadewearing silk and gold. He said: ‘They are for them in thisworldand for us in the Hereafter.’” 
ibnmajah32_1337230	 حدثنا أبو بكر بن أبي شيبة حدثنا عبد الرحيم بن	حدثنا سليمان عن عبيد الله بن عمر عن نافع أن عبد الله بن عمر أخبره أن عمر بن الخطاب رأى حلة سيراء من حرير فقال يا رسول الله لو ابتعت هذه الحلة للوفد وليوم الجمعة فقال رسول الله صلى الله عليه وسلم إنما يلبس هذا من لا خلاق له في الآخرة 	 حدثنا أبو بكر بن أبي شيبة حدثنا عبد الرحيم بن سليمان عن عبيد الله بن عمر عن نافع أن عبد الله بن عمر أخبره أن عمر بن الخطاب رأى حلة سيراء من حرير فقال يا رسول الله لو ابتعت هذه الحلة للوفد وليوم الجمعة فقال رسول الله صلى الله عليه وسلم إنما يلبس هذا من لا خلاق له في الآخرة 	 It wasnarrated from ‘Abdullah bin ‘Umar that ‘Umar bin Khattab saw asilken two piece suit (being offered for sale). He said: “OMessengerof Allah, why don’t you buy this two piece suit (to wearfor meeting)the delegations, and on Fridays?” The Messenger ofAllah (SL3M) said:“This is only worn by one who has no share in theHereafter.” 
ibnmajah32_1337240	 حدثنا أبو بكر بن أبي شيبة حدثنا محمد بن	حدثنا بشر حدثنا سعيد بن أبي عروبة عن قتادة أن أنس بن مالك نبأهم أن رسول الله صلى الله عليه وسلم رخص للزبير بن العوام ولعبد الرحمن بن عوف في قميصين من حرير من وجع كان بهما حكة 	 حدثنا أبو بكر بن أبي شيبة حدثنا محمد بن بشر حدثنا سعيد بن أبي عروبة عن قتادة أن أنس بن مالك نبأهم أن رسول الله صلى الله عليه وسلم رخص للزبير بن العوام ولعبد الرحمن بن عوف في قميصين من حرير من وجع كان بهما حكة 	 It wasnarrated from Anas bin Malik that the Messenger of Allah (SL3M)granted a concession to Zubair bin ‘Awwam and ‘Abdur-Rahman bin‘Auf,allowing them to wear silk shirts, because of a rash theyweresuffering from. 
ibnmajah32_1337250	 حدثنا أبو بكر بن أبي شيبة حدثنا حفص بن	حدثنا غياث عن عاصم عن أبي عثمان عن عمر أنه كان ينهى عن الحرير والديباج إلا ما كان هكذا ثم أشار بإصبعه ثم الثانية ثم الثالثة ثم الرابعة فقال كان رسول الله صلى الله عليه وسلم ينهانا عنه 	 حدثنا أبو بكر بن أبي شيبة حدثنا حفص بن غياث عن عاصم عن أبي عثمان عن عمر أنه كان ينهى عن الحرير والديباج إلا ما كان هكذا ثم أشار بإصبعه ثم الثانية ثم الثالثة ثم الرابعة فقال كان رسول الله صلى الله عليه وسلم ينهانا عنه 	 It wasnarrated from ‘Umar that he used to forbid silk and brocade,exceptfor what was like this: Then he gestured with his finger, thenasecond, and a third, and a fourth (i.e., the width of four fingers),and he said: “The Messenger of Allah (SL3M) used to forbid it.” 
ibnmajah32_1337260	 حدثنا أبو بكر بن أبي شيبة حدثنا وكيع عن مغيرة بن زياد عن	عن أبي عمر مولى أسماء قال رأيت ابن عمر اشترى عمامة لها علم فدعا بالجلمين فقصه فدخلت على أسماء فذكرت ذلك لها فقالت بؤسا لعبد الله يا جارية هاتي جبة رسول الله صلى الله عليه وسلم فجاءت بجبة مكفوفة الكمين والجيب والفرجين بالديباج 	 حدثنا أبو بكر بن أبي شيبة حدثنا وكيع عن مغيرة بن زياد عن أبي عمر مولى أسماء قال رأيت ابن عمر اشترى عمامة لها علم فدعا بالجلمين فقصه فدخلت على أسماء فذكرت ذلك لها فقالت بؤسا لعبد الله يا جارية هاتي جبة رسول الله صلى الله عليه وسلم فجاءت بجبة مكفوفة الكمين والجيب والفرجين بالديباج 	 It wasnarrated that Abu ‘Umar, the freed slave of Asma’, said: “IsawIbn ‘Umar buying a turban that had some markings, then he calledfor a pair of scissors and cut that off. I entered upon Asma’ andmentioned that to her, and she said: ‘May ‘Abdullah perish, Ogirl!Give me the garment of the Messenger of Allah (SL3M).’ Agarment wasbrought that was hemmed with brocade on the sleeves,necklines andopenings (at the front and back).” 
ibnmajah32_1337270	 حدثنا أبو بكر حدثنا عبد الرحيم بن سليمان عن محمد بن إسحاق عن يزيد بن أبي حبيب عن عبد العزيز بن أبي الصعبة عن أبي الأفلح الهمداني عن عبد الله بن	عن زرير الغافقي سمعته يقول سمعت علي بن أبي طالب يقول أخذ رسول الله صلى الله عليه وسلم حريرا بشماله وذهبا بيمينه ثم رفع بهما يديه فقال إن هذين حرام على ذكور أمتي حل لإناثهم 	 حدثنا أبو بكر حدثنا عبد الرحيم بن سليمان عن محمد بن إسحاق عن يزيد بن أبي حبيب عن عبد العزيز بن أبي الصعبة عن أبي الأفلح الهمداني عن عبد الله بن زرير الغافقي سمعته يقول سمعت علي بن أبي طالب يقول أخذ رسول الله صلى الله عليه وسلم حريرا بشماله وذهبا بيمينه ثم رفع بهما يديه فقال إن هذين حرام على ذكور أمتي حل لإناثهم 	 ‘Alibin Abu Talib said: “The Messenger of Allah (SL3M) took hold ofsomesilk in his left hand and some gold in his right, then he raisedhishands and said: ‘These two are forbidden for the males of mynation, and permitted to the females.’” 
ibnmajah32_1337280	 حدثنا أبو بكر بن أبي شيبة حدثنا عبد الرحيم بن	حدثنا سليمان عن يزيد بن أبي زياد عن أبي فاختة حدثني هبيرة بن يريم عن علي أنه أهدي لرسول الله صلى الله عليه وسلم حلة مكفوفة بحرير إما سداؤها وإما لحمتها فأرسل بها إلى فأتيته فقلت يا رسول الله ما أصنع بها ألبسها قال لا ولكن اجعلها خمرا بين الفواطم 	 حدثنا أبو بكر بن أبي شيبة حدثنا عبد الرحيم بن سليمان عن يزيد بن أبي زياد عن أبي فاختة حدثني هبيرة بن يريم عن علي أنه أهدي لرسول الله صلى الله عليه وسلم حلة مكفوفة بحرير إما سداؤها وإما لحمتها فأرسل بها إلى فأتيته فقلت يا رسول الله ما أصنع بها ألبسها قال لا ولكن اجعلها خمرا بين الفواطم 	 It wasnarrated from ‘Ali that a two-piece suit hemmed with silk,eitheron the wrap or the weft,* was given to the Messenger of Allah(SL3M),and he sent them to me (‘Ali). I came to him and said: “OMessenger of Allah, what should I do with these? Shall I wear them?”He said: “No, rather make them into head-cloths and give them totheFatimahs.”** 
ibnmajah32_1337290	 حدثنا أبو بكر حدثنا عبد الرحيم بن سليمان عن الإفريقي عن عبد الرحمن بن رافع عن عبد الله بن	عن عمرو قال خرج علينا رسول الله صلى الله عليه وسلم وفي إحدى يديه ثوب من حرير وفي الأخرى ذهب فقال إن هذين محرم على ذكور أمتي حل لإناثهم 	 حدثنا أبو بكر حدثنا عبد الرحيم بن سليمان عن الإفريقي عن عبد الرحمن بن رافع عن عبد الله بن عمرو قال خرج علينا رسول الله صلى الله عليه وسلم وفي إحدى يديه ثوب من حرير وفي الأخرى ذهب فقال إن هذين محرم على ذكور أمتي حل لإناثهم 	 It wasnarrated that ‘Abdullah bin ‘Umar said: “The Messenger ofAllah(SL3M) came out to us, and in one of his hands was a garment ofsilkand in the other was some gold. He said: ‘These are forbidden tothe males of my nation and permitted to the females.’” 
ibnmajah32_1337300	 حدثنا أبو بكر حدثنا عيسى بن يونس عن معمر عن الزهري عن	عن أنس قال رأيت على زينب بنت رسول الله صلى الله عليه وسلم قميص حرير سيراء 	 حدثنا أبو بكر حدثنا عيسى بن يونس عن معمر عن الزهري عن أنس قال رأيت على زينب بنت رسول الله صلى الله عليه وسلم قميص حرير سيراء 	 It wasnarrated that Anas said: “I saw Zainab the daughter of theMessenger of Allah (SL3M) wearing a shirt of Siyara’ silk.* 
ibnmajah32_1337310	 حدثنا أبو بكر بن أبي شيبة عن شريك بن	حدثنا عبد الله القاضي عن أبي إسحاق عن البراء قال ما رأيت أجمل من رسول الله صلى الله عليه وسلم مترجلا في حلة حمراء 	 حدثنا أبو بكر بن أبي شيبة عن شريك بن عبد الله القاضي عن أبي إسحاق عن البراء قال ما رأيت أجمل من رسول الله صلى الله عليه وسلم مترجلا في حلة حمراء 	 It wasnarrated that Bara’ said: “I never saw anyone more handsomethenthe Messenger of Allah (SL3M), with his hair combed, wearing a redtwo-piece suit.” 
ibnmajah32_1337320	 حدثنا أبو عامر عبد الله بن عامر بن براد بن	حدثنا يوسف بن أبي بردة بن أبي موسى الأشعري حدثنا زيد بن الحباب حدثنا حسين بن واقد قاضي مرو حدثني عبد الله بن بريدة أن أباه حدثه قال رأيت رسول الله صلى الله عليه وسلم يخطب فأقبل حسن وحسين عليهما قميصان أحمران يعثران ويقومان فنزل النبي صلى الله عليه وسلم فأخذهما فوضعهما في حجره فقال صدق الله ورسوله {إنما أموالكم وأولادكم فتنة} رأيت هذين فلم أصبر ثم أخذ في خطبته 	 حدثنا أبو عامر عبد الله بن عامر بن براد بن يوسف بن أبي بردة بن أبي موسى الأشعري حدثنا زيد بن الحباب حدثنا حسين بن واقد قاضي مرو حدثني عبد الله بن بريدة أن أباه حدثه قال رأيت رسول الله صلى الله عليه وسلم يخطب فأقبل حسن وحسين عليهما قميصان أحمران يعثران ويقومان فنزل النبي صلى الله عليه وسلم فأخذهما فوضعهما في حجره فقال صدق الله ورسوله {إنما أموالكم وأولادكم فتنة} رأيت هذين فلم أصبر ثم أخذ في خطبته 	 ‘Abdullah bin Buraidah narrated that his father told him: I saw theMessenger of Allah (SL3M) delivering a sermon, and Hasan and Husaincame forward, wearing red shirts, stumbling and getting up again. TheProphet (SL3M) stepped down, picked them up and put them in his lap.Then he said: “Allah and His Messenger have spoken the truth. ‘Yourwealth and your children are only a trial.’ [64:15] I saw these twoand I could not be patient. Then he resumed his sermon.” 
ibnmajah32_1337330	 حدثنا أبو بكر بن أبي شيبة حدثنا علي بن	حدثنا مسهر عن يزيد بن أبي زياد عن الحسن بن سهيل عن ابن عمر قال نهى رسول الله صلى الله عليه وسلم عن المفدم قال يزيد قلت للحسن ما المفدم قال المشبع بالعصفر 	 حدثنا أبو بكر بن أبي شيبة حدثنا علي بن مسهر عن يزيد بن أبي زياد عن الحسن بن سهيل عن ابن عمر قال نهى رسول الله صلى الله عليه وسلم عن المفدم قال يزيد قلت للحسن ما المفدم قال المشبع بالعصفر 	 It wasnarrated that Ibn ‘Umar said: “The Messenger of Allah (SL3M)forbade Al-Mufaddam.” 
ibnmajah32_1337340	 حدثنا أبو بكر بن أبي شيبة حدثنا وكيع عن أسامة بن زيد عن عبد الله بن	عن حنين قال سمعت عليا يقول نهاني رسول الله صلى الله عليه وسلم ولا أقول نهاكم عن لبس المعصفر 	 حدثنا أبو بكر بن أبي شيبة حدثنا وكيع عن أسامة بن زيد عن عبد الله بن حنين قال سمعت عليا يقول نهاني رسول الله صلى الله عليه وسلم ولا أقول نهاكم عن لبس المعصفر 	 It wasnarrated that ‘Abdullah bin Hunain said: “I heard ‘Ali say:‘The Messenger of Allah (SL3M) forbade me – and I do not say thatheforbade you – from wearing clothes dyed with safflower.’” 
ibnmajah32_1337350	 حدثنا أبو بكر حدثنا عيسى بن يونس عن هشام بن	حدثنا الغاز عن عمرو بن شعيب عن أبيه عن جده قال أقبلنا مع رسول الله صلى الله عليه وسلم من ثنية أذاخر فالتفت إلى وعلى ريطة مضرجة بالعصفر فقال ما هذه فعرفت ما كره فأتيت أهلي وهم يسجرون تنورهم فقذفتها فيه ثم أتيته من الغد فقال يا عبد الله ما فعلت الريطة فأخبرته فقال ألا كسوتها بعض أهلك فإنه لا بأس بذلك للنساء 	 حدثنا أبو بكر حدثنا عيسى بن يونس عن هشام بن الغاز عن عمرو بن شعيب عن أبيه عن جده قال أقبلنا مع رسول الله صلى الله عليه وسلم من ثنية أذاخر فالتفت إلى وعلى ريطة مضرجة بالعصفر فقال ما هذه فعرفت ما كره فأتيت أهلي وهم يسجرون تنورهم فقذفتها فيه ثم أتيته من الغد فقال يا عبد الله ما فعلت الريطة فأخبرته فقال ألا كسوتها بعض أهلك فإنه لا بأس بذلك للنساء 	 It wasnarrated from ‘Amr bin Shu’aib, from his father, that hisgrandfather said: “We came with the Messenger of Allah (SL3M) wasThaniyyat Adhakhir. He turned to me, and I was wearing a thin cloakdyed with safflower, and said: ‘What is this?’ And I realizedthat hedisliked it. I came to my family when they were heating theiroven andthrew it (in the oven). Then I came to him the following dayand hesaid: ‘O ‘Abdullah, what happened to the thin cloak?’ Itold him (whatI had done) and he said: ‘Why did you not give it tosome of yourfamily to wear, for there is nothing wrong with it forwomen.’” 
ibnmajah32_1337360	 حدثنا علي بن محمد حدثنا وكيع عن ابن أبي ليلى عن محمد بن عبد الرحمن عن محمد بن شرحبيل عن قيس بن	عن سعد قال أتانا النبي صلى الله عليه وسلم فوضعنا له ماء يتبرد به فاغتسل ثم أتيته بملحفة صفراء فرأيت أثر الورس على عكنه 	 حدثنا علي بن محمد حدثنا وكيع عن ابن أبي ليلى عن محمد بن عبد الرحمن عن محمد بن شرحبيل عن قيس بن سعد قال أتانا النبي صلى الله عليه وسلم فوضعنا له ماء يتبرد به فاغتسل ثم أتيته بملحفة صفراء فرأيت أثر الورس على عكنه 	 It wasnarrated that Qais bin Sa’d said: “The Prophet (SL3M) came tousand we gave him some water with which to cool down. He bathed, thenIbrought him a yellow blanket, and I saw the traces of Wars (theyellow dye) on the folds of his stomach.” 
ibnmajah32_1337370	 حدثنا أبو بكر بن أبي شيبة حدثنا يزيد بن	حدثنا هارون أنبأنا همام عن قتادة عن عمرو بن شعيب عن أبيه عن جده قال قال رسول الله صلى الله عليه وسلم كلوا واشربوا وتصدقوا والبسوا ما لم يخالطه إسراف أو مخيلة 	 حدثنا أبو بكر بن أبي شيبة حدثنا يزيد بن هارون أنبأنا همام عن قتادة عن عمرو بن شعيب عن أبيه عن جده قال قال رسول الله صلى الله عليه وسلم كلوا واشربوا وتصدقوا والبسوا ما لم يخالطه إسراف أو مخيلة 	 It wasnarrated from ‘Amr bin Shu’aib, from his father, that hisgrandfather said: “The Messenger of Allah (SL3M) said: ‘Eat anddrink,give charity and wear clothes, as long as that does notinvolve anyextravagance or vanity.’” 
ibnmajah32_1337380	 حدثنا محمد بن عبادة ومحمد بن	حدثنا عبد الملك الواسطيان قالا حدثنا يزيد بن هارون أنبأنا شريك عن عثمان بن أبي زرعة عن مهاجر عن ابن عمر قال قال رسول الله صلى الله عليه وسلم من لبس ثوب شهرة ألبسه الله يوم القيامة ثوب مذلة 	 حدثنا محمد بن عبادة ومحمد بن عبد الملك الواسطيان قالا حدثنا يزيد بن هارون أنبأنا شريك عن عثمان بن أبي زرعة عن مهاجر عن ابن عمر قال قال رسول الله صلى الله عليه وسلم من لبس ثوب شهرة ألبسه الله يوم القيامة ثوب مذلة 	 It wasnarrated that Ibn ‘Umar said: “The Messenger of Allah (SL3M)said:‘Whoever wears a garment of pride and vanity, Allah will clothehim, on the Day of Resurrection, in a garment of humiliation.’” 
ibnmajah32_1337390	 حدثنا محمد بن عبد الملك بن أبي الشوارب حدثنا أبو عوانة عن عثمان بن المغيرة عن المهاجر عن عبد الله بن	عن عمر قال قال رسول الله صلى الله عليه وسلم من لبس ثوب شهرة في الدنيا ألبسه الله ثوب مذلة يوم القيامة ثم ألهب فيه نارا 	 حدثنا محمد بن عبد الملك بن أبي الشوارب حدثنا أبو عوانة عن عثمان بن المغيرة عن المهاجر عن عبد الله بن عمر قال قال رسول الله صلى الله عليه وسلم من لبس ثوب شهرة في الدنيا ألبسه الله ثوب مذلة يوم القيامة ثم ألهب فيه نارا 	 It wasnarrated that ‘Abdullah bin ‘Umar said: “The Messenger ofAllah(SL3M) said: ‘Whoever wears a garment of pride and vanity in thisworld, Allah will clothe him in a garment of humiliation on the DayofResurrection, then set it ablaze.’” 
ibnmajah32_1337400	 حدثنا العباس بن يزيد البحراني حدثنا وكيع بن	حدثنا محرز الناجي حدثنا عثمان بن جهم عن زر بن حبيش عن أبي ذر عن النبي صلى الله عليه وسلم قال من لبس ثوب شهرة أعرض الله عنه حتى يضعه متى وضعه 	 حدثنا العباس بن يزيد البحراني حدثنا وكيع بن محرز الناجي حدثنا عثمان بن جهم عن زر بن حبيش عن أبي ذر عن النبي صلى الله عليه وسلم قال من لبس ثوب شهرة أعرض الله عنه حتى يضعه متى وضعه 	 It wasnarrated from Abu Dharr that the Prophet (SL3M) said: “Whoeverwearsa garment of pride and vanity, Allah will turn away from himuntil hetakes it off.” 
ibnmajah32_1337410	 حدثنا أبو بكر حدثنا سفيان بن عيينة عن زيد بن	حدثنا أسلم عن عبد الرحمن بن وعلة عن ابن عباس قال سمعت رسول الله صلى الله عليه وسلم يقول أيما إهاب دبغ فقد طهر 	 حدثنا أبو بكر حدثنا سفيان بن عيينة عن زيد بن أسلم عن عبد الرحمن بن وعلة عن ابن عباس قال سمعت رسول الله صلى الله عليه وسلم يقول أيما إهاب دبغ فقد طهر 	 It wasnarrated that Ibn ‘Abbas said: “I heard the Messenger of Allah(SL3M) say: ‘Any skin that has been tanned has been purified.’” 
ibnmajah32_1337420	 حدثنا أبو بكر بن أبي شيبة حدثنا سفيان بن	حدثنا عيينة عن الزهري عن عبيد الله بن عبد الله عن ابن عباس عن ميمونة أن شاة لمولاة ميمونة مر بها يعني النبي صلى الله عليه وسلم قد أعطيتها من الصدقة ميتة فقال هلا أخذوا إهابها فدبغوه فانتفعوا به فقالوا يا رسول الله إنها ميتة قال إنما حرم أكلها 	 حدثنا أبو بكر بن أبي شيبة حدثنا سفيان بن عيينة عن الزهري عن عبيد الله بن عبد الله عن ابن عباس عن ميمونة أن شاة لمولاة ميمونة مر بها يعني النبي صلى الله عليه وسلم قد أعطيتها من الصدقة ميتة فقال هلا أخذوا إهابها فدبغوه فانتفعوا به فقالوا يا رسول الله إنها ميتة قال إنما حرم أكلها 	 It wasnarrated from Maimunah that he (meaning the Prophet (SL3M))passed bya dead sheep belonging to the freed slave woman of Maimunah,that hadbeen given to her in charity. He said: “Why don’t they takeitsskin and ten it, and make us of it?” They said: “O Messenger ofAllah, it is dead meat.”* He said: “It is only unlawful to eatit.” 
ibnmajah32_1337430	 حدثنا أبو بكر بن أبي شيبة حدثنا عبد الرحيم بن	حدثنا سليمان عن ليث عن شهر بن حوشب عن سلمان قال كان لبعض أمهات المؤمنين شاة فماتت فمر رسول الله صلى الله عليه وسلم عليها فقال ما ضر أهل هذه لو انتفعوا بإهابها 	 حدثنا أبو بكر بن أبي شيبة حدثنا عبد الرحيم بن سليمان عن ليث عن شهر بن حوشب عن سلمان قال كان لبعض أمهات المؤمنين شاة فماتت فمر رسول الله صلى الله عليه وسلم عليها فقال ما ضر أهل هذه لو انتفعوا بإهابها 	 It wasnarrated that Salman said: “One of the Mothers of theBelievers hada sheep that died. The Messenger of Allah (SL3M) passedby it andsaid: ‘It would not have harmed its owners if they had madeuse ofits hide.’” 
ibnmajah32_1337440	 حدثنا أبو بكر بن أبي شيبة حدثنا خالد بن	حدثنا مخلد عن مالك بن أنس عن يزيد بن قسيط عن محمد بن عبد الرحمن عن أمه عن عائشة قالت أمر رسول الله صلى الله عليه وسلم أن يستمتع بجلود الميتة إذا دبغت 	 حدثنا أبو بكر بن أبي شيبة حدثنا خالد بن مخلد عن مالك بن أنس عن يزيد بن قسيط عن محمد بن عبد الرحمن عن أمه عن عائشة قالت أمر رسول الله صلى الله عليه وسلم أن يستمتع بجلود الميتة إذا دبغت 	 It wasnarrated that ‘Aishah said: “The Messenger of Allah (SL3M)commanded that use should be made of the skins of dead animals, ifthey were tanned.” 
ibnmajah32_1337450	 حدثنا أبو بكر حدثنا جرير عن منصور ح وحدثنا أبو بكر بن أبي شيبة حدثنا علي بن مسهر عن الشيباني ح وحدثنا أبو بكر حدثنا غندر عن شعبة كلهم عن الحكم عن عبد الرحمن بن	عن أبي ليلى عن عبد الله بن عكيم قال أتانا كتاب النبي صلى الله عليه وسلم أن لا تنتفعوا من الميتة بإهاب ولا عصب 	 حدثنا أبو بكر حدثنا جرير عن منصور ح وحدثنا أبو بكر بن أبي شيبة حدثنا علي بن مسهر عن الشيباني ح وحدثنا أبو بكر حدثنا غندر عن شعبة كلهم عن الحكم عن عبد الرحمن بن أبي ليلى عن عبد الله بن عكيم قال أتانا كتاب النبي صلى الله عليه وسلم أن لا تنتفعوا من الميتة بإهاب ولا عصب 	 It wasnarrated that ‘Abdullah bin ‘Ukaym said: “There came to us aletter from the Prophet (SL3M) (saying): ‘No not make use of theuntanned skin and sinew of dead animals.’” 
ibnmajah32_1337460	 حدثنا علي بن محمد حدثنا وكيع عن سفيان عن خالد الحذاء عن عبد الله بن الحارث عن عبد الله بن	عن العباس قال كان لنعل النبي صلى الله عليه وسلم قبالان مثني شراكهما 	 حدثنا علي بن محمد حدثنا وكيع عن سفيان عن خالد الحذاء عن عبد الله بن الحارث عن عبد الله بن العباس قال كان لنعل النبي صلى الله عليه وسلم قبالان مثني شراكهما 	 It wasnarrated that ‘Abdullah bin ‘Abbas said: “The sandals of theProphet (SL3M) had two thongs doubled around their straps.” 
ibnmajah32_1337470	 حدثنا أبو بكر بن أبي شيبة حدثنا يزيد بن	حدثنا هارون عن همام عن قتادة عن أنس قال كان لنعل النبي صلى الله عليه وسلم قبالان 	 حدثنا أبو بكر بن أبي شيبة حدثنا يزيد بن هارون عن همام عن قتادة عن أنس قال كان لنعل النبي صلى الله عليه وسلم قبالان 	 It wasnarrated that Anas said: “The sandals of the Prophet (SL3M) hadtwothongs.” 
ibnmajah32_1337480	 حدثنا أبو بكر حدثنا وكيع عن شعبة عن محمد بن	حدثنا زياد عن أبي هريرة قال قال رسول الله صلى الله عليه وسلم إذا انتعل أحدكم فليبدأ باليمنى وإذا خلع فليبدأ باليسرى 	 حدثنا أبو بكر حدثنا وكيع عن شعبة عن محمد بن زياد عن أبي هريرة قال قال رسول الله صلى الله عليه وسلم إذا انتعل أحدكم فليبدأ باليمنى وإذا خلع فليبدأ باليسرى 	 It wasnarrated from Abu Hurairah that the Messenger of Allah (SL3M)said: “When anyone of you puts on his sandals, let him start with theright, and when he takes them off, let him start with the left.” 
ibnmajah32_1337490	 حدثنا أبو بكر حدثنا عبد الله بن إدريس عن ابن عجلان عن سعيد بن أبي سعيد عن	عن أبي هريرة قال قال رسول الله صلى الله عليه وسلم لا يمشي أحدكم في نعل واحد ولا خف واحد ليخلعهما جميعا أو ليمش فيهما جميعا 	 حدثنا أبو بكر حدثنا عبد الله بن إدريس عن ابن عجلان عن سعيد بن أبي سعيد عن أبي هريرة قال قال رسول الله صلى الله عليه وسلم لا يمشي أحدكم في نعل واحد ولا خف واحد ليخلعهما جميعا أو ليمش فيهما جميعا 	 It wasnarrated from Abu Hurairah that the Messenger of Allah (SL3M)said;“None of you should walk in one sandal or in one leather sock.Lethim take them both off or walk in both of them.” 
ibnmajah32_1337500	 حدثنا علي بن محمد حدثنا أبو معاوية عن الأعمش عن أبي صالح عن	عن أبي هريرة قال نهى رسول الله صلى الله عليه وسلم أن ينتعل الرجل قائما 	 حدثنا علي بن محمد حدثنا أبو معاوية عن الأعمش عن أبي صالح عن أبي هريرة قال نهى رسول الله صلى الله عليه وسلم أن ينتعل الرجل قائما 	 It wasnarrated that Abu Hurairah said: “The Messenger of Allah (SL3M)forbade putting on sandals whilst standing.” 
ibnmajah32_1337510	 حدثنا علي بن محمد حدثنا وكيع عن سفيان عن عبد الله بن دينار عن	عن ابن عمر قال نهى النبي صلى الله عليه وسلم أن ينتعل الرجل قائما 	 حدثنا علي بن محمد حدثنا وكيع عن سفيان عن عبد الله بن دينار عن ابن عمر قال نهى النبي صلى الله عليه وسلم أن ينتعل الرجل قائما 	 It wasnarrated that Ibn ‘Umar said: “The Prophet (SL3M) forbadeputtingon sandals whilst standing.” 
ibnmajah32_1337520	 حدثنا أبو بكر حدثنا وكيع حدثنا دلهم بن	حدثنا صالح الكندي عن حجير بن عبد الله الكندي عن ابن بريدة عن أبيه أن النجاشي أهدى لرسول الله صلى الله عليه وسلم خفين ساذجين أسودين فلبسهما 	 حدثنا أبو بكر حدثنا وكيع حدثنا دلهم بن صالح الكندي عن حجير بن عبد الله الكندي عن ابن بريدة عن أبيه أن النجاشي أهدى لرسول الله صلى الله عليه وسلم خفين ساذجين أسودين فلبسهما 	 It wasnarrated from Ibn Buraidah, from his father, that an-Najashisent apair of pure black Khuff as a gift to the Prophet (SL3M) of,which hewore. 
ibnmajah32_1337530	 حدثنا أبو بكر حدثنا سفيان بن عيينة عن الزهري سمع أبا سلمة وسليمان بن يسار يخبران عن	عن أبي هريرة يبلغ به النبي صلى الله عليه وسلم قال إن اليهود والنصارى لا يصبغون فخالفوهم 	 حدثنا أبو بكر حدثنا سفيان بن عيينة عن الزهري سمع أبا سلمة وسليمان بن يسار يخبران عن أبي هريرة يبلغ به النبي صلى الله عليه وسلم قال إن اليهود والنصارى لا يصبغون فخالفوهم 	 It wasnarrated that Abu Hurairah attributed to the Prophet (SL3M): “TheJews and the Christians do not dye (their hair), so differ fromthem.” 
ibnmajah32_1337540	 حدثنا أبو بكر حدثنا عبد الله بن إدريس عن الأجلح عن عبد الله بن بريدة عن أبي الأسود الديلي عن	عن أبي ذر قال قال رسول الله صلى الله عليه وسلم إن أحسن ما غيرتم به الشيب الحناء والكتم 	 حدثنا أبو بكر حدثنا عبد الله بن إدريس عن الأجلح عن عبد الله بن بريدة عن أبي الأسود الديلي عن أبي ذر قال قال رسول الله صلى الله عليه وسلم إن أحسن ما غيرتم به الشيب الحناء والكتم 	 It wasnarrated from Abu Dharr that the Messenger of Allah (SL3M)said: “Thebest things with which you change gray hair are henna andKatam.”* 
ibnmajah32_1337550	 حدثنا أبو بكر حدثنا يونس بن محمد حدثنا سلام بن	حدثنا أبي مطيع عن عثمان بن موهب قال دخلت على أم سلمة قال فأخرجت إلى شعرا من شعر رسول الله صلى الله عليه وسلم مخضوبا بالحناء والكتم 	 حدثنا أبو بكر حدثنا يونس بن محمد حدثنا سلام بن أبي مطيع عن عثمان بن موهب قال دخلت على أم سلمة قال فأخرجت إلى شعرا من شعر رسول الله صلى الله عليه وسلم مخضوبا بالحناء والكتم 	 It wasnarrated that ‘Uthman bin Mawhab said: “I entered upon UmmSalamah and she brought out for me a hair of the Messenger of Allah(SL3M), which was dyed with henna and Katam.” 
ibnmajah32_1337560	 حدثنا أبو بكر بن أبي شيبة حدثنا إسماعيل ابن علية عن ليث عن أبي الزبير عن	حدثنا جابر قال جيء بأبي قحافة يوم الفتح إلى النبي صلى الله عليه وسلم وكأن رأسه ثغامة فقال رسول الله صلى الله عليه وسلم اذهبوا به إلى بعض نسائه فلتغيره وجنبوه السواد 	 حدثنا أبو بكر بن أبي شيبة حدثنا إسماعيل ابن علية عن ليث عن أبي الزبير عن جابر قال جيء بأبي قحافة يوم الفتح إلى النبي صلى الله عليه وسلم وكأن رأسه ثغامة فقال رسول الله صلى الله عليه وسلم اذهبوا به إلى بعض نسائه فلتغيره وجنبوه السواد 	 It wasnarrated from Jabir that he said: “Abu Quhaifah was brought totheProphet (SL3M) on the Day of the Conquest (of Makkah), and his headwas all white. The Messenger of Allah (SL3M) said: ‘Take him to someofhis womenfolk and let them change this, but avoid black.’” 
ibnmajah32_1337570	 حدثنا أبو هريرة الصيرفي محمد بن فراس حدثنا عمر بن	حدثنا الخطاب بن زكريا الراسبي حدثنا دفاع بن دغفل السدوسي عن عبد الحميد بن صيفي عن أبيه عن جده صهيب الخير قال قال رسول الله صلى الله عليه وسلم إن أحسن ما اختضبتم به لهذا السواد أرغب لنسائكم فيكم وأهيب لكم في صدور عدوكم 	 حدثنا أبو هريرة الصيرفي محمد بن فراس حدثنا عمر بن الخطاب بن زكريا الراسبي حدثنا دفاع بن دغفل السدوسي عن عبد الحميد بن صيفي عن أبيه عن جده صهيب الخير قال قال رسول الله صلى الله عليه وسلم إن أحسن ما اختضبتم به لهذا السواد أرغب لنسائكم فيكم وأهيب لكم في صدور عدوكم 	 It wasnarrated that Suhaib Al-Khair said: “The Messenger of Allah(SL3M)said: ‘The best thing with which you can dye your hair is thisblack (dye). It makes your women desire you and creates fear in thehearts of your enemies.’” 
ibnmajah32_1337580	 حدثنا أبو بكر بن أبي شيبة حدثنا أبو أسامة عن عبيد الله بن عمر عن سعيد بن	عن أبي سعيد أن عبيد بن جريج سأل ابن عمر قال رأيتك تصفر لحيتك بالورس فقال ابن عمر أما تصفيري لحيتي فإني رأيت رسول الله صلى الله عليه وسلم يصفر لحيته 	 حدثنا أبو بكر بن أبي شيبة حدثنا أبو أسامة عن عبيد الله بن عمر عن سعيد بن أبي سعيد أن عبيد بن جريج سأل ابن عمر قال رأيتك تصفر لحيتك بالورس فقال ابن عمر أما تصفيري لحيتي فإني رأيت رسول الله صلى الله عليه وسلم يصفر لحيته 	 It wasnarrated from Sa’eed bin Abu Sa’eed that ‘Ubaid bin Juraijasked Ibn ‘Umar: “I see that you dye your beard yellow withWars.” Ibn‘Umar said: “As for my dyeing of my beard yellowwith Wars, I saw theMessenger of Allah (SL3M) dyeing his beardyellow.” 
ibnmajah32_1337590	 حدثنا أبو بكر حدثنا إسحاق بن منصور حدثنا محمد بن	حدثنا طلحة عن حميد بن وهب عن ابن طاوس عن طاوس عن ابن عباس قال مر النبي صلى الله عليه وسلم على رجل قد خضب بالحناء فقال ما أحسن هذا ثم مر بآخر قد خضب بالحناء والكتم فقال هذا أحسن من هذا ثم مر بآخر قد خضب بالصفرة فقال هذا أحسن من هذا كله قال وكان طاوس يصفر 	 حدثنا أبو بكر حدثنا إسحاق بن منصور حدثنا محمد بن طلحة عن حميد بن وهب عن ابن طاوس عن طاوس عن ابن عباس قال مر النبي صلى الله عليه وسلم على رجل قد خضب بالحناء فقال ما أحسن هذا ثم مر بآخر قد خضب بالحناء والكتم فقال هذا أحسن من هذا ثم مر بآخر قد خضب بالصفرة فقال هذا أحسن من هذا كله قال وكان طاوس يصفر 	 It wasnarrated that Ibn ‘Abbas said: “The Prophet (SL3M) passed by amanwho had dyed his hair with henna and said: ‘How handsome this is!’Then he passed by another who had dyed his hair with henna and Katam,and said: ‘This one is more handsome than that one.’ Then hepassed byanother who had dyed his hair yellow and said: ‘This oneis morehandsome than all of them.’” 
ibnmajah32_1337600	 حدثنا محمد بن المثنى حدثنا أبو داود حدثنا زهير عن أبي إسحاق عن	عن أبي جحيفة قال رأيت رسول الله صلى الله عليه وسلم هذه منه بيضاء يعني عنفقته 	 حدثنا محمد بن المثنى حدثنا أبو داود حدثنا زهير عن أبي إسحاق عن أبي جحيفة قال رأيت رسول الله صلى الله عليه وسلم هذه منه بيضاء يعني عنفقته 	 It wasnarrated that Abu Juhaifah said: “I saw the Messenger of Allah(SL3M), and this part of his hair was white” – meaning the tuft ofhairbetween the lower lip and the chin. 
ibnmajah32_1337610	 حدثنا محمد بن المثنى حدثنا خالد بن	حدثنا الحارث وابن أبي عدي عن حميد قال سئل أنس بن مالك أخضب رسول الله صلى الله عليه وسلم قال إنه لم ير من الشيب إلا نحو سبعة عشر أو عشرين شعرة في مقدم لحيته 	 حدثنا محمد بن المثنى حدثنا خالد بن الحارث وابن أبي عدي عن حميد قال سئل أنس بن مالك أخضب رسول الله صلى الله عليه وسلم قال إنه لم ير من الشيب إلا نحو سبعة عشر أو عشرين شعرة في مقدم لحيته 	 It wasnarrated that Humaid said: “Anas bin Malik was asked: ‘Did theMessenger of Allah (SL3M) dye his hair?’ He said: ‘He did not haveanywhite hair apart from approximately seventeen or twenty hairs atthefront of his beard.’” 
ibnmajah32_1337620	 حدثنا محمد بن عمر بن الوليد الكندي حدثنا يحيى بن	حدثنا آدم عن شريك عن عبيد الله عن نافع عن ابن عمر قال كان شيب رسول الله صلى الله عليه وسلم نحو عشرين شعرة 	 حدثنا محمد بن عمر بن الوليد الكندي حدثنا يحيى بن آدم عن شريك عن عبيد الله عن نافع عن ابن عمر قال كان شيب رسول الله صلى الله عليه وسلم نحو عشرين شعرة 	 It wasnarrated that Ibn ‘Umar said: “The white hair of the Prophet(SL3M) numbered approximately twenty.” 
ibnmajah32_1337630	 حدثنا أبو بكر بن أبي شيبة حدثنا سفيان بن	حدثنا عيينة عن ابن أبي نجيح عن مجاهد قال قالت أم هانئ دخل رسول الله صلى الله عليه وسلم مكة وله أربع غدائر تعني ضفائر 	 حدثنا أبو بكر بن أبي شيبة حدثنا سفيان بن عيينة عن ابن أبي نجيح عن مجاهد قال قالت أم هانئ دخل رسول الله صلى الله عليه وسلم مكة وله أربع غدائر تعني ضفائر 	 It wasnarrated that Mujahid said: “Umm Hani said: ‘When theMessengerof Allah (SL3M) entered Makkah he had four braids.’” 
ibnmajah32_1337640	 حدثنا أبو بكر بن أبي شيبة حدثنا يحيى بن	حدثنا آدم عن إبراهيم بن سعد عن الزهري عن عبيد الله بن عبد الله عن ابن عباس قال كان أهل الكتاب يسدلون أشعارهم وكان المشركون يفرقون وكان رسول الله صلى الله عليه وسلم يحب موافقة أهل الكتاب قال فسدل رسول الله صلى الله عليه وسلم ناصيته ثم فرق بعد 	 حدثنا أبو بكر بن أبي شيبة حدثنا يحيى بن آدم عن إبراهيم بن سعد عن الزهري عن عبيد الله بن عبد الله عن ابن عباس قال كان أهل الكتاب يسدلون أشعارهم وكان المشركون يفرقون وكان رسول الله صلى الله عليه وسلم يحب موافقة أهل الكتاب قال فسدل رسول الله صلى الله عليه وسلم ناصيته ثم فرق بعد 	 It wasnarrated that Ibn ‘Abbas said: “The People of the Book used tolet their hair hang down, and the idolaters used to part their hair.The Messenger of Allah (SL3M) liked to be more like the People of theBook. So the Messenger of Allah (SL3M) let his forelock hang down,thenafter that he parted it.” 
ibnmajah32_1337650	 حدثنا أبو بكر بن أبي شيبة حدثنا إسحاق بن	حدثنا منصور عن إبراهيم بن سعد عن ابن إسحاق عن يحيى بن عباد عن أبيه عن عائشة قالت كنت أفرق خلف يافوخ رسول الله صلى الله عليه وسلم ثم أسدل ناصيته 	 حدثنا أبو بكر بن أبي شيبة حدثنا إسحاق بن منصور عن إبراهيم بن سعد عن ابن إسحاق عن يحيى بن عباد عن أبيه عن عائشة قالت كنت أفرق خلف يافوخ رسول الله صلى الله عليه وسلم ثم أسدل ناصيته 	 It wasnarrated that ‘Aishah said: “I used to part the hair of theMessenger of Allah (SL3M) behind his crown, and let his forelock hangdown.” 
ibnmajah32_1337661	not identified	 يزيد بن هارون أنبأنا جرير بن حازم عن قتادة عن أنس قال كان شعر رسول الله صلى الله عليه وسلم شعرا رجلا بين أذنيه ومنكبيه 	 يزيد بن هارون أنبأنا جرير بن حازم عن قتادة عن أنس قال كان شعر رسول الله صلى الله عليه وسلم شعرا رجلا بين أذنيه ومنكبيه 	 It wasnarrated that Anas said: “The hair of the Messenger of Allah(SL3M)was wavy, and (hung down) between his ears and his shoulders.” 
ibnmajah32_1337662	 حدثنا عبد الرحمن بن إبراهيم حدثنا ابن أبي فديك عن عبد الرحمن بن أبي الزناد عن هشام بن	عن عروة عن أبيه عن عائشة قالت كان لرسول الله صلى الله عليه وسلم شعر دون الجمة وفوق الوفرة 	 حدثنا عبد الرحمن بن إبراهيم حدثنا ابن أبي فديك عن عبد الرحمن بن أبي الزناد عن هشام بن عروة عن أبيه عن عائشة قالت كان لرسول الله صلى الله عليه وسلم شعر دون الجمة وفوق الوفرة 	 It wasnarrated that ‘Aishah said: “The Messenger of Allah (SL3M) hadhair that came between his earlobes and his shoulders.” 
ibnmajah32_1337670	 حدثنا أبو بكر بن أبي شيبة حدثنا معاوية بن	حدثنا هشام وسفيان بن عقبة عن سفيان عن عاصم بن كليب عن أبيه عن وائل بن حجر قال رآني النبي صلى الله عليه وسلم ولي شعر طويل فقال ذباب ذباب فانطلقت فأخذته فرآني النبي صلى الله عليه وسلم فقال إني لم أعنك وهذا أحسن 	 حدثنا أبو بكر بن أبي شيبة حدثنا معاوية بن هشام وسفيان بن عقبة عن سفيان عن عاصم بن كليب عن أبيه عن وائل بن حجر قال رآني النبي صلى الله عليه وسلم ولي شعر طويل فقال ذباب ذباب فانطلقت فأخذته فرآني النبي صلى الله عليه وسلم فقال إني لم أعنك وهذا أحسن 	 It wasnarrated that Wa’il bin Hujr said: “The Prophet (SL3M) saw mewhenI had long hair. He said: ‘Bad news, bad news!’ So I went awayand cut it short. Then the Prophet (SL3M) saw me and said: ‘I didnotmean you, but this is better.’” 
ibnmajah32_1337680	 حدثنا أبو بكر بن أبي شيبة وعلي بن	حدثنا محمد قالا حدثنا أبو أسامة عن عبيد الله بن عمر عن عمر بن نافع عن نافع عن ابن عمر قال نهى رسول الله صلى الله عليه وسلم عن القزع قال وما القزع قال أن يحلق من رأس الصبي مكان ويترك مكان 	 حدثنا أبو بكر بن أبي شيبة وعلي بن محمد قالا حدثنا أبو أسامة عن عبيد الله بن عمر عن عمر بن نافع عن نافع عن ابن عمر قال نهى رسول الله صلى الله عليه وسلم عن القزع قال وما القزع قال أن يحلق من رأس الصبي مكان ويترك مكان 	 It wasnarrated from Nafi’ that Ibn ‘Umar said: “The Messenger ofAllah (SL3M) forbade Qaza’.” He (Nafi’) said: “What is Qaza’?”He said:“It means shaving part of a child’s head and leavinganother part.” 
ibnmajah32_1337690	 حدثنا أبو بكر بن أبي شيبة حدثنا شبابة حدثنا شعبة عن عبد الله بن دينار عن	حدثنا ابن عمر قال نهى رسول الله صلى الله عليه وسلم عن القزع 	 حدثنا أبو بكر بن أبي شيبة حدثنا شبابة حدثنا شعبة عن عبد الله بن دينار عن ابن عمر قال نهى رسول الله صلى الله عليه وسلم عن القزع 	 It wasnarrated that Ibn ‘Umar said: “The Messenger of Allah (SL3M)forbade Qaza’.” 
ibnmajah32_1337700	 حدثنا أبو بكر بن أبي شيبة حدثنا سفيان بن	حدثنا عيينة عن أيوب بن موسى عن نافع عن ابن عمر قال اتخذ رسول الله صلى الله عليه وسلم خاتما من ورق ثم نقش فيه محمد رسول الله فقال لا ينقش أحد على نقش خاتمي هذا 	 حدثنا أبو بكر بن أبي شيبة حدثنا سفيان بن عيينة عن أيوب بن موسى عن نافع عن ابن عمر قال اتخذ رسول الله صلى الله عليه وسلم خاتما من ورق ثم نقش فيه محمد رسول الله فقال لا ينقش أحد على نقش خاتمي هذا 	 It wasnarrated that Ibn ‘Umar said: “The Messenger of Allah (SL3M)worea ring of silver, then he had engraved on it (the words)‘MuhammadRasul Allah’ (Muhammad the Messenger of Allah). And he said:‘Noone should have his ring engraved like this ring of mine.’” 
ibnmajah32_1337710	 حدثنا أبو بكر بن أبي شيبة حدثنا إسماعيل ابن علية عن عبد العزيز بن صهيب عن أنس بن	عن مالك قال اصطنع رسول الله صلى الله عليه وسلم خاتما فقال إنا قد اصطنعنا خاتما ونقشنا فيه نقشا فلا ينقشن عليه أحد 	 حدثنا أبو بكر بن أبي شيبة حدثنا إسماعيل ابن علية عن عبد العزيز بن صهيب عن أنس بن مالك قال اصطنع رسول الله صلى الله عليه وسلم خاتما فقال إنا قد اصطنعنا خاتما ونقشنا فيه نقشا فلا ينقشن عليه أحد 	 It wasnarrated that Anas bin Malik said: “The Messenger of Allah(SL3M)had a ring made for him, and he said: ‘I have had a ring madeforme and had it engraved, and no one should make a ring with similarengraving.’” 
ibnmajah32_1337720	 حدثنا محمد بن يحيى حدثنا عثمان بن عمر حدثنا يونس عن الزهري عن أنس بن	حدثنا مالك أن رسول الله صلى الله عليه وسلم اتخذ خاتما من فضة له فص حبشي ونقشه محمد رسول الله 	 حدثنا محمد بن يحيى حدثنا عثمان بن عمر حدثنا يونس عن الزهري عن أنس بن مالك أن رسول الله صلى الله عليه وسلم اتخذ خاتما من فضة له فص حبشي ونقشه محمد رسول الله 	 It wasnarrated from Anas bin Malik that the Messenger of Allah (SL3M)wore aring of silver, in which was an Ethiopian gemstone and theinscription: ‘Muhammad Rasul Allah’ (Muhammad the Messenger ofAllah).” 
ibnmajah32_1337730	 حدثنا أبو بكر حدثنا عبد الله بن نمير عن عبيد الله عن نافع بن جبير مولى علي عن	عن علي قال نهى رسول الله صلى الله عليه وسلم عن التختم بالذهب 	 حدثنا أبو بكر حدثنا عبد الله بن نمير عن عبيد الله عن نافع بن جبير مولى علي عن علي قال نهى رسول الله صلى الله عليه وسلم عن التختم بالذهب 	 It wasnarrated that ‘Ali said: “The Messenger of Allah (SL3M) forbadewearing gold rings.” 
ibnmajah32_1337740	 حدثنا أبو بكر حدثنا علي بن مسهر عن يزيد بن	حدثنا أبي زياد عن الحسن بن سهيل عن ابن عمر قال نهى رسول الله صلى الله عليه وسلم عن خاتم الذهب 	 حدثنا أبو بكر حدثنا علي بن مسهر عن يزيد بن أبي زياد عن الحسن بن سهيل عن ابن عمر قال نهى رسول الله صلى الله عليه وسلم عن خاتم الذهب 	 It wasnarrated that Ibn ‘Umar said: “The Messenger of Allah (SL3M)forbade gold rings.” 
ibnmajah32_1337750	 حدثنا أبو بكر بن أبي شيبة حدثنا عبد الله بن	حدثنا نمير عن محمد بن إسحاق عن يحيى بن عباد بن عبد الله بن الزبير عن أبيه عن عائشة أم المؤمنين قالت أهدى النجاشي إلى رسول الله صلى الله عليه وسلم حلقة فيها خاتم ذهب فيه فص حبشي فأخذه رسول الله صلى الله عليه وسلم بعود وإنه لمعرض عنه أو ببعض أصابعه ثم دعا ابنة ابنته أمامة بنت أبي العاص فقال تحلى بهذا يا بنية 	 حدثنا أبو بكر بن أبي شيبة حدثنا عبد الله بن نمير عن محمد بن إسحاق عن يحيى بن عباد بن عبد الله بن الزبير عن أبيه عن عائشة أم المؤمنين قالت أهدى النجاشي إلى رسول الله صلى الله عليه وسلم حلقة فيها خاتم ذهب فيه فص حبشي فأخذه رسول الله صلى الله عليه وسلم بعود وإنه لمعرض عنه أو ببعض أصابعه ثم دعا ابنة ابنته أمامة بنت أبي العاص فقال تحلى بهذا يا بنية 	 It wasnarrated that ‘Aishah the Mother of the Believers said: “Najashisent some jewelry as a gift to the Messenger of Allah (SL3M).Amongthat was a gold ring with an Ethiopian gemstone. The MessengerofAllah (SL3M) picked it up with a stick – as if he found itdistasteful – or with one of his fingers, then he called for hisdaughter, Umamah bint Abul-‘As, and said: ‘Wear this, O mydaughter.’” 
ibnmajah32_1337760	 حدثنا أبو بكر بن أبي شيبة حدثنا سفيان بن	حدثنا عيينة عن أيوب بن موسى عن نافع عن ابن عمر أن النبي صلى الله عليه وسلم كان يجعل فص خاتمه مما يلي كفه 	 حدثنا أبو بكر بن أبي شيبة حدثنا سفيان بن عيينة عن أيوب بن موسى عن نافع عن ابن عمر أن النبي صلى الله عليه وسلم كان يجعل فص خاتمه مما يلي كفه 	 It wasnarrated from Ibn ‘Umar that the Prophet (SL3M) used to wear(hisring) with the stone nearest his palm. 
ibnmajah32_1337770	 حدثنا محمد بن يحيى حدثنا إسماعيل بن أبي أويس حدثني سليمان بن بلال عن يونس بن يزيد الأيلي عن ابن شهاب عن أنس بن	عن مالك أن رسول الله صلى الله عليه وسلم لبس خاتم فضة فيه فص حبشي كان يجعل فصه في بطن كفه 	 حدثنا محمد بن يحيى حدثنا إسماعيل بن أبي أويس حدثني سليمان بن بلال عن يونس بن يزيد الأيلي عن ابن شهاب عن أنس بن مالك أن رسول الله صلى الله عليه وسلم لبس خاتم فضة فيه فص حبشي كان يجعل فصه في بطن كفه 	 It wasnarrated from Anas bin Malik that the Messenger of Allah (SL3M)wore asilver ring with an Ethiopian gemstone, and he used to ear thestonein towards his palm. 
ibnmajah32_1337780	 حدثنا أبو بكر بن أبي شيبة حدثنا عبد الله بن	حدثنا نمير عن إبراهيم بن الفضل عن عبد الله بن محمد بن عقيل عن عبد الله بن جعفر أن النبي صلى الله عليه وسلم كان يتختم في يمينه 	 حدثنا أبو بكر بن أبي شيبة حدثنا عبد الله بن نمير عن إبراهيم بن الفضل عن عبد الله بن محمد بن عقيل عن عبد الله بن جعفر أن النبي صلى الله عليه وسلم كان يتختم في يمينه 	 It wasnarrated from ‘Abdullah bin Ja’far that the Prophet (SL3M) usedtowear a ring on his right hand. 
ibnmajah32_1337790	 حدثنا أبو بكر بن أبي شيبة حدثنا عبد الله بن	حدثنا إدريس عن عاصم عن أبي بردة عن علي قال نهاني رسول الله صلى الله عليه وسلم أن أتختم في هذه وفي هذه يعني الخنصر والإبهام 	 حدثنا أبو بكر بن أبي شيبة حدثنا عبد الله بن إدريس عن عاصم عن أبي بردة عن علي قال نهاني رسول الله صلى الله عليه وسلم أن أتختم في هذه وفي هذه يعني الخنصر والإبهام 	 It wasnarrated that ‘Ali said: “The Messenger of Allah (SL3M) forbademeto wear a ring on this and on this,” meaning the little finger andthe thumb. 
ibnmajah32_1337800	 حدثنا أبو بكر بن أبي شيبة حدثنا سفيان بن	حدثنا عيينة عن الزهري عن عبيد الله بن عبد الله عن ابن عباس عن أبي طلحة عن النبي صلى الله عليه وسلم قال لا تدخل الملائكة بيتا فيه كلب ولا صورة 	 حدثنا أبو بكر بن أبي شيبة حدثنا سفيان بن عيينة عن الزهري عن عبيد الله بن عبد الله عن ابن عباس عن أبي طلحة عن النبي صلى الله عليه وسلم قال لا تدخل الملائكة بيتا فيه كلب ولا صورة 	 It wasnarrated from Abu Talhah that the Prophet (SL3M) said: “Theangelsdo not enter a house in which there is a dog or an image.” 
ibnmajah32_1337810	 حدثنا أبو بكر حدثنا غندر عن شعبة عن علي بن	حدثنا مدرك عن أبي زرعة عن عبد الله بن نجى عن أبيه عن علي بن أبي طالب عن النبي صلى الله عليه وسلم قال إن الملائكة لا تدخل بيتا فيه كلب ولا صورة 	 حدثنا أبو بكر حدثنا غندر عن شعبة عن علي بن مدرك عن أبي زرعة عن عبد الله بن نجى عن أبيه عن علي بن أبي طالب عن النبي صلى الله عليه وسلم قال إن الملائكة لا تدخل بيتا فيه كلب ولا صورة 	 It wasnarrated from ‘Ali bin Abu Talib that the Prophet (SL3M) said: “Theangels do not enter a house in which there is a dog or an image.” 
ibnmajah32_1337820	 حدثنا أبو بكر بن أبي شيبة حدثنا علي بن	حدثنا مسهر عن محمد بن عمرو عن أبي سلمة عن عائشة قالت واعد رسول الله صلى الله عليه وسلم جبريل عليه السلام في ساعة يأتيه فيها فراث عليه فخرج النبي صلى الله عليه وسلم فإذا هو بجبريل قائم على الباب فقال ما منعك أن تدخل قال إن في البيت كلبا وإنا لا ندخل بيتا فيه كلب ولا صورة 	 حدثنا أبو بكر بن أبي شيبة حدثنا علي بن مسهر عن محمد بن عمرو عن أبي سلمة عن عائشة قالت واعد رسول الله صلى الله عليه وسلم جبريل عليه السلام في ساعة يأتيه فيها فراث عليه فخرج النبي صلى الله عليه وسلم فإذا هو بجبريل قائم على الباب فقال ما منعك أن تدخل قال إن في البيت كلبا وإنا لا ندخل بيتا فيه كلب ولا صورة 	 It wasnarrated that ‘Aishah said: “Jibril (as) promised theMessengerof Allah (SL3M) that he would come to him at a certain hour,but hewas late. The Prophet (SL3M) went out and there was Jibrilstanding atthe door. He said: ‘What kept you from entering?’ He said:‘Thereis a dog in the house, and we do not enter a house in whichthere isa dog or an image.’” 
ibnmajah32_1337830	 حدثنا العباس بن عثمان الدمشقي حدثنا الوليد حدثنا عفير بن	حدثنا معدان حدثنا سليم بن عامر عن أبي أمامة أن امرأة أتت النبي صلى الله عليه وسلم فأخبرته أن زوجها في بعض المغازي فاستأذنته أن تصور في بيتها نخلة فمنعها أو نهاها 	 حدثنا العباس بن عثمان الدمشقي حدثنا الوليد حدثنا عفير بن معدان حدثنا سليم بن عامر عن أبي أمامة أن امرأة أتت النبي صلى الله عليه وسلم فأخبرته أن زوجها في بعض المغازي فاستأذنته أن تصور في بيتها نخلة فمنعها أو نهاها 	 It wasnarrated from Abu Umamah that a woman came to the Prophet(SL3M) andtold him that her husband was away on some militarycampaign. Sheasked him for permission to make an image of a palm treein herhouse, and he did not let her, or he forbade her. 
ibnmajah32_1337840	 حدثنا أبو بكر بن أبي شيبة حدثنا وكيع عن أسامة بن زيد عن عبد الرحمن بن القاسم عن أبيه عن	عن عائشة قالت سترت سهوة لي تعني الداخل بستر فيه تصاوير فلما قدم النبي صلى الله عليه وسلم هتكه فجعلت منه منبوذتين فرأيت النبي صلى الله عليه وسلم متكئا على إحداهما 	 حدثنا أبو بكر بن أبي شيبة حدثنا وكيع عن أسامة بن زيد عن عبد الرحمن بن القاسم عن أبيه عن عائشة قالت سترت سهوة لي تعني الداخل بستر فيه تصاوير فلما قدم النبي صلى الله عليه وسلم هتكه فجعلت منه منبوذتين فرأيت النبي صلى الله عليه وسلم متكئا على إحداهما 	 It wasnarrated that ‘Aishah said: “I covered a small room closet ofmine, meaning, from the inside, with a curtain on which there wereimages. When the Prophet (SL3M) came, he tore it down, so I made twopillows from it, and I saw the Prophet (SL3M) reclining on one ofthem.” 
ibnmajah32_1337850	 حدثنا أبو بكر حدثنا أبو الأحوص عن أبي إسحاق عن هبيرة عن	عن علي قال نهى رسول الله صلى الله عليه وسلم عن خاتم الذهب وعن الميثرة يعني الحمراء 	 حدثنا أبو بكر حدثنا أبو الأحوص عن أبي إسحاق عن هبيرة عن علي قال نهى رسول الله صلى الله عليه وسلم عن خاتم الذهب وعن الميثرة يعني الحمراء 	 It wasnarrated that ‘Ali said: “The Messenger of Allah (SL3M) forbaderings of gold and Al-Mitharah,”* meaning the red ones. 
ibnmajah32_1337860	 حدثنا أبو بكر بن أبي شيبة حدثنا زيد بن	حدثنا الحباب حدثنا يحيى بن أيوب حدثني عياش بن عباس الحميري عن أبي حصين الحجري الهيثم عن عامر الحجري قال سمعت أبا ريحانة صاحب النبي صلى الله عليه وسلم يقول كان النبي صلى الله عليه وسلم ينهى عن ركوب النمور 	 حدثنا أبو بكر بن أبي شيبة حدثنا زيد بن الحباب حدثنا يحيى بن أيوب حدثني عياش بن عباس الحميري عن أبي حصين الحجري الهيثم عن عامر الحجري قال سمعت أبا ريحانة صاحب النبي صلى الله عليه وسلم يقول كان النبي صلى الله عليه وسلم ينهى عن ركوب النمور 	 It wasnarrated that ‘Amir Al-Hajri said: “I heard Abu Raihanah, theCompanion of the Prophet (SL3M) say: ‘The Prophet (SL3M) used toforbidriding on leopard skins.’” 
ibnmajah32_1337870	 حدثنا أبو بكر بن أبي شيبة حدثنا وكيع عن أبي المعتمر عن ابن سيرين عن	عن معاوية قال كان رسول الله صلى الله عليه وسلم ينهى عن ركوب النمور 	 حدثنا أبو بكر بن أبي شيبة حدثنا وكيع عن أبي المعتمر عن ابن سيرين عن معاوية قال كان رسول الله صلى الله عليه وسلم ينهى عن ركوب النمور 	 It wasnarrated that Mu’awiyah said: “The Messenger of Allah (SL3M)usedto forbid riding on leopard skins.” 
